{"cameraMode":{"drawMode":0,"name":"Shaded","section":"Shading Mode"},"sceneLighting":true,"audioPlay":false,"sceneViewState":{"m_AlwaysRefresh":false,"showFog":true,"showSkybox":true,"showFlares":true,"showImageEffects":true,"showParticleSystems":true,"showVisualEffectGraphs":true,"m_FxEnabled":true},"in2DMode":false,"pivot":{"x":-9.121291160583496,"y":-8.706354141235352,"z":8.003885269165039},"rotation":{"x":0.015293308533728123,"y":0.04497474059462547,"z":-0.0006883827154524624,"w":0.9988728165626526},"size":0.8660253882408142,"orthographic":false}