{"cameraMode":{"drawMode":0,"name":"Shaded","section":"Shading Mode"},"sceneLighting":true,"audioPlay":false,"sceneViewState":{"showFog":true,"showMaterialUpdate":false,"showSkybox":true,"showFlares":true,"showImageEffects":true,"showParticleSystems":true,"showVisualEffectGraphs":true,"m_FxEnabled":true},"in2DMode":false,"pivot":{"x":1.0884608030319214,"y":6.283029556274414,"z":0.0036907196044921877},"rotation":{"x":-0.010103787295520306,"y":0.9693414568901062,"z":-0.242161363363266,"w":-0.040443990379571918},"size":14.387639999389649,"orthographic":false}