{"cameraMode":{"drawMode":0,"name":"Shaded","section":"Shading Mode"},"sceneLighting":true,"audioPlay":false,"sceneViewState":{"m_AlwaysRefresh":false,"showFog":true,"showSkybox":true,"showFlares":true,"showImageEffects":true,"showParticleSystems":true,"showVisualEffectGraphs":true,"m_FxEnabled":true},"in2DMode":false,"pivot":{"x":-2.812025308609009,"y":30.343427658081056,"z":-15.790277481079102},"rotation":{"x":0.45253753662109377,"y":-0.13782119750976563,"z":0.07107971608638764,"w":0.8782228231430054},"size":1.7320507764816285,"orthographic":false}