{"cameraMode":{"drawMode":0,"name":"Shaded","section":"Shading Mode"},"sceneLighting":true,"audioPlay":false,"sceneViewState":{"m_AlwaysRefresh":false,"showFog":true,"showSkybox":true,"showFlares":true,"showImageEffects":true,"showParticleSystems":true,"showVisualEffectGraphs":true,"m_FxEnabled":true},"in2DMode":false,"pivot":{"x":5.892559051513672,"y":-5.385350227355957,"z":4.893977165222168},"rotation":{"x":0.29722246527671816,"y":-0.014030701480805874,"z":0.004357525613158941,"w":0.9547156095504761},"size":1.783326506614685,"orthographic":false}