{"cameraMode":{"drawMode":0,"name":"Shaded","section":"Shading Mode"},"sceneLighting":false,"audioPlay":false,"sceneViewState":{"showFog":true,"showMaterialUpdate":false,"showSkybox":false,"showFlares":true,"showImageEffects":true,"showParticleSystems":true,"showVisualEffectGraphs":true,"m_FxEnabled":false},"in2DMode":false,"pivot":{"x":-0.0020720958709716799,"y":0.5358884334564209,"z":-1.0754642486572266},"rotation":{"x":0.06819203495979309,"y":-0.9317233562469482,"z":0.2461797595024109,"w":0.2581595480442047},"size":3.325246810913086,"orthographic":false}