{"cameraMode":{"drawMode":0,"name":"Shaded","section":"Shading Mode"},"sceneLighting":false,"audioPlay":false,"sceneViewState":{"showFog":true,"showMaterialUpdate":false,"showSkybox":false,"showFlares":true,"showImageEffects":true,"showParticleSystems":true,"showVisualEffectGraphs":true,"m_FxEnabled":false},"in2DMode":false,"pivot":{"x":1.4052221775054932,"y":-0.7220677733421326,"z":3.5453853607177736},"rotation":{"x":0.08101145178079605,"y":0.17007943987846375,"z":-0.014027533121407032,"w":0.982001006603241},"size":2.570077896118164,"orthographic":false}