{"cameraMode":{"drawMode":0,"name":"Shaded","section":"Shading Mode"},"sceneLighting":false,"audioPlay":false,"sceneViewState":{"showFog":true,"showMaterialUpdate":false,"showSkybox":false,"showFlares":true,"showImageEffects":true,"showParticleSystems":true,"showVisualEffectGraphs":true,"m_FxEnabled":false},"in2DMode":false,"pivot":{"x":5.960464477539063e-8,"y":0.8832939863204956,"z":0.07799321413040161},"rotation":{"x":0.26803430914878847,"y":-0.3516327142715454,"z":0.10581842064857483,"w":0.8906898498535156},"size":1.3700780868530274,"orthographic":false}