{"cameraMode":{"drawMode":0,"name":"Shaded","section":"Shading Mode"},"sceneLighting":false,"audioPlay":false,"sceneViewState":{"showFog":true,"showMaterialUpdate":false,"showSkybox":false,"showFlares":true,"showImageEffects":true,"showParticleSystems":true,"showVisualEffectGraphs":true,"m_FxEnabled":false},"in2DMode":false,"pivot":{"x":-0.07590654492378235,"y":1.258646845817566,"z":1.6359671354293824},"rotation":{"x":0.00007028020627330989,"y":0.999293327331543,"z":0.03768162056803703,"w":-0.0016972905723378063},"size":0.1202244907617569,"orthographic":false}