{"cameraMode":{"drawMode":0,"name":"Shaded","section":"Shading Mode"},"sceneLighting":false,"audioPlay":false,"sceneViewState":{"m_AlwaysRefresh":false,"showFog":true,"showSkybox":false,"showFlares":true,"showImageEffects":true,"showParticleSystems":true,"showVisualEffectGraphs":true,"m_FxEnabled":true},"in2DMode":false,"pivot":{"x":0.23651552200317384,"y":1.0586427450180054,"z":0.34334588050842287},"rotation":{"x":0.004724808968603611,"y":-0.959787905216217,"z":0.016131745651364328,"w":0.28026309609413149},"size":0.7547865509986877,"orthographic":false}