{"cameraMode":{"drawMode":0,"name":"Shaded","section":"Shading Mode"},"sceneLighting":false,"audioPlay":false,"sceneViewState":{"m_AlwaysRefresh":false,"showFog":true,"showSkybox":false,"showFlares":true,"showImageEffects":true,"showParticleSystems":true,"showVisualEffectGraphs":true,"m_FxEnabled":true},"in2DMode":false,"pivot":{"x":0.9881102442741394,"y":0.0780346468091011,"z":0.060180507600307468},"rotation":{"x":0.012813881039619446,"y":-0.7145853638648987,"z":0.013077663257718087,"w":0.6993255615234375},"size":0.7547865509986877,"orthographic":false}