{"cameraMode":{"drawMode":0,"name":"Shaded","section":"Shading Mode"},"sceneLighting":false,"audioPlay":false,"sceneViewState":{"m_AlwaysRefresh":false,"showFog":true,"showSkybox":false,"showFlares":true,"showImageEffects":true,"showParticleSystems":true,"showVisualEffectGraphs":true,"m_FxEnabled":true},"in2DMode":false,"pivot":{"x":0.033168431371450427,"y":0.49999988079071047,"z":-0.11021378636360169},"rotation":{"x":0.10335668176412583,"y":-0.8303158283233643,"z":0.16425934433937074,"w":0.5224239826202393},"size":2.1073949337005617,"orthographic":false}