{"cameraMode":{"drawMode":0,"name":"Shaded","section":"Shading Mode"},"sceneLighting":false,"audioPlay":false,"sceneViewState":{"m_AlwaysRefresh":false,"showFog":true,"showSkybox":false,"showFlares":true,"showImageEffects":true,"showParticleSystems":true,"showVisualEffectGraphs":true,"m_FxEnabled":true},"in2DMode":false,"pivot":{"x":-0.37226417660713198,"y":-0.0030289783608168365,"z":-1.6132735013961793},"rotation":{"x":0.01388588733971119,"y":-0.9835581183433533,"z":0.15802861750125886,"w":0.08638546615839005},"size":1.5585548877716065,"orthographic":false}