{"cameraMode":{"drawMode":0,"name":"Shaded","section":"Shading Mode"},"sceneLighting":false,"audioPlay":false,"sceneViewState":{"showFog":true,"showMaterialUpdate":false,"showSkybox":false,"showFlares":true,"showImageEffects":true,"showParticleSystems":true,"showVisualEffectGraphs":true,"m_FxEnabled":true},"in2DMode":false,"pivot":{"x":0.03258085995912552,"y":-0.02172164060175419,"z":1.862645149230957e-9},"rotation":{"x":0.14705441892147065,"y":0.8028144836425781,"z":-0.2211567908525467,"w":0.5338174104690552},"size":0.07200384140014649,"orthographic":false}