{"cameraMode":{"drawMode":0,"name":"Shaded","section":"Shading Mode"},"sceneLighting":false,"audioPlay":false,"sceneViewState":{"showFog":true,"showMaterialUpdate":false,"showSkybox":false,"showFlares":true,"showImageEffects":true,"showParticleSystems":true,"showVisualEffectGraphs":true,"m_FxEnabled":true},"in2DMode":false,"pivot":{"x":0.21335439383983613,"y":5.960464477539063e-8,"z":5.960464477539063e-8},"rotation":{"x":-0.02722679078578949,"y":0.9688069224357605,"z":-0.21289309859275819,"w":-0.12390020489692688},"size":1.0827864408493043,"orthographic":false}