{"cameraMode":{"drawMode":0,"name":"Shaded","section":"Shading Mode"},"sceneLighting":false,"audioPlay":false,"sceneViewState":{"m_AlwaysRefresh":false,"showFog":true,"showSkybox":false,"showFlares":true,"showImageEffects":true,"showParticleSystems":true,"showVisualEffectGraphs":true,"m_FxEnabled":true},"in2DMode":false,"pivot":{"x":0.05694420635700226,"y":1.5786782503128052,"z":0.5059035420417786},"rotation":{"x":0.15352226793766023,"y":0.09205840528011322,"z":-0.01438344269990921,"w":0.9837610721588135},"size":1.2747551202774048,"orthographic":false}