{"cameraMode":{"drawMode":0,"name":"Shaded","section":"Shading Mode"},"sceneLighting":false,"audioPlay":false,"sceneViewState":{"m_AlwaysRefresh":false,"showFog":true,"showSkybox":false,"showFlares":true,"showImageEffects":true,"showParticleSystems":true,"showVisualEffectGraphs":true,"m_FxEnabled":true},"in2DMode":false,"pivot":{"x":0.29848647117614748,"y":1.608005404472351,"z":0.060577720403671268},"rotation":{"x":-0.07120223343372345,"y":-0.6878646612167358,"z":-0.068106509745121,"w":0.7191165685653687},"size":1.8335822820663453,"orthographic":false}