{"cameraMode":{"drawMode":0,"name":"Shaded","section":"Shading Mode"},"sceneLighting":false,"audioPlay":false,"sceneViewState":{"m_AlwaysRefresh":false,"showFog":true,"showSkybox":false,"showFlares":true,"showImageEffects":true,"showParticleSystems":true,"showVisualEffectGraphs":true,"m_FxEnabled":true},"in2DMode":false,"pivot":{"x":0.2302219420671463,"y":-0.8595185279846191,"z":-0.36402368545532229},"rotation":{"x":0.0018493396928533912,"y":-0.9812282919883728,"z":0.19258831441402436,"w":0.009426519274711609},"size":2.0734200477600099,"orthographic":false}