{"cameraMode":{"drawMode":0,"name":"Shaded","section":"Shading Mode"},"sceneLighting":false,"audioPlay":false,"sceneViewState":{"showFog":true,"showMaterialUpdate":false,"showSkybox":false,"showFlares":true,"showImageEffects":true,"showParticleSystems":true},"in2DMode":false,"pivot":{"x":-0.6727736592292786,"y":-3.5284035205841066,"z":-0.21773575246334077},"rotation":{"x":0.09519977867603302,"y":0.1824164092540741,"z":-0.019354620948433877,"w":0.9784100651741028},"size":21.218708038330079,"orthographic":false}