{"cameraMode":{"drawMode":0,"name":"Shaded","section":"Shading Mode"},"sceneLighting":false,"audioPlay":false,"sceneViewState":{"showFog":true,"showMaterialUpdate":false,"showSkybox":false,"showFlares":true,"showImageEffects":true,"showParticleSystems":true},"in2DMode":false,"pivot":{"x":-0.18759596347808839,"y":-0.16653090715408326,"z":-0.07902991771697998},"rotation":{"x":0.1626744121313095,"y":0.6427090764045715,"z":-0.14224514365196229,"w":0.7350208759307861},"size":9.231208801269532,"orthographic":false}