{"cameraMode":{"drawMode":0,"name":"Shaded","section":"Shading Mode"},"sceneLighting":false,"audioPlay":false,"sceneViewState":{"showFog":true,"showMaterialUpdate":false,"showSkybox":false,"showFlares":true,"showImageEffects":true,"showParticleSystems":true},"in2DMode":false,"pivot":{"x":164.467041015625,"y":-23.67107391357422,"z":5.61960506439209},"rotation":{"x":0.0931548923254013,"y":0.02239489182829857,"z":-0.0020895516499876978,"w":0.9954209327697754},"size":7.91497802734375,"orthographic":false}