{"cameraMode":{"drawMode":0,"name":"Shaded","section":"Shading Mode"},"sceneLighting":false,"audioPlay":false,"sceneViewState":{"showFog":true,"showMaterialUpdate":false,"showSkybox":false,"showFlares":true,"showImageEffects":true,"showParticleSystems":true,"showVisualEffectGraphs":true,"m_FxEnabled":true},"in2DMode":false,"pivot":{"x":5.960464477539063e-8,"y":0.8832939863204956,"z":0.07799321413040161},"rotation":{"x":0.04659460857510567,"y":0.005973391700536013,"z":0.00020152276556473225,"w":0.9989011287689209},"size":1.3700780868530274,"orthographic":false}