{"cameraMode":{"drawMode":0,"name":"Shaded","section":"Shading Mode"},"sceneLighting":false,"audioPlay":false,"sceneViewState":{"m_AlwaysRefresh":false,"showFog":true,"showSkybox":false,"showFlares":true,"showImageEffects":true,"showParticleSystems":true,"showVisualEffectGraphs":true,"m_FxEnabled":true},"in2DMode":false,"pivot":{"x":-27.236515045166017,"y":-48.39427185058594,"z":21.771827697753908},"rotation":{"x":-0.14900586009025575,"y":0.25409987568855288,"z":-0.039654236286878589,"w":-0.9548091292381287},"size":23.334524154663087,"orthographic":false}