{"cameraMode":{"drawMode":0,"name":"Shaded","section":"Shading Mode"},"sceneLighting":false,"audioPlay":false,"sceneViewState":{"showFog":false,"showMaterialUpdate":false,"showSkybox":false,"showFlares":false,"showImageEffects":false,"showParticleSystems":false,"showVisualEffectGraphs":true,"m_FxEnabled":false},"in2DMode":false,"pivot":{"x":1.1920928955078126e-7,"y":0.22568318247795106,"z":1.7881393432617188e-7},"rotation":{"x":-0.07946108281612396,"y":-0.5785898566246033,"z":0.05676722154021263,"w":-0.8097625374794006},"size":1.2113971710205079,"orthographic":false}