{"cameraMode":{"drawMode":0,"name":"Shaded","section":"Shading Mode"},"sceneLighting":false,"audioPlay":false,"sceneViewState":{"showFog":true,"showMaterialUpdate":false,"showSkybox":false,"showFlares":true,"showImageEffects":true,"showParticleSystems":true,"showVisualEffectGraphs":true,"m_FxEnabled":true},"in2DMode":false,"pivot":{"x":5.960464477539063e-8,"y":1.0578577518463135,"z":0.07799321413040161},"rotation":{"x":-0.24934795498847962,"y":0.37976303696632388,"z":-0.10707097500562668,"w":-0.8843879103660584},"size":1.423715591430664,"orthographic":false}