{"cameraMode":{"drawMode":0,"name":"Shaded","section":"Shading Mode"},"sceneLighting":false,"audioPlay":false,"sceneViewState":{"showFog":true,"showMaterialUpdate":false,"showSkybox":false,"showFlares":true,"showImageEffects":true,"showParticleSystems":true,"showVisualEffectGraphs":true,"m_FxEnabled":false},"in2DMode":false,"pivot":{"x":-0.17432357370853425,"y":1.7441571950912476,"z":0.8092355728149414},"rotation":{"x":-0.00019850659009534866,"y":-0.9951375126838684,"z":0.0017996237147599459,"w":-0.09854871034622193},"size":1.0477626323699952,"orthographic":false}