{"cameraMode":{"drawMode":0,"name":"Shaded","section":"Shading Mode"},"sceneLighting":false,"audioPlay":false,"sceneViewState":{"showFog":true,"showMaterialUpdate":false,"showSkybox":false,"showFlares":true,"showImageEffects":true,"showParticleSystems":true,"showVisualEffectGraphs":true,"m_FxEnabled":false},"in2DMode":false,"pivot":{"x":-0.004687786102294922,"y":0.812278151512146,"z":0.13702630996704102},"rotation":{"x":-0.21096213161945344,"y":-0.2385500818490982,"z":0.05316246673464775,"w":-0.9464489817619324},"size":3.7436766624450685,"orthographic":false}