{"cameraMode":{"drawMode":0,"name":"Shaded","section":"Shading Mode"},"sceneLighting":true,"audioPlay":false,"sceneViewState":{"showFog":true,"showMaterialUpdate":false,"showSkybox":true,"showFlares":true,"showImageEffects":true,"showParticleSystems":true,"showVisualEffectGraphs":true,"m_FxEnabled":true},"in2DMode":false,"pivot":{"x":-2.6564512252807619,"y":5.609227657318115,"z":46.83110427856445},"rotation":{"x":0.04659460857510567,"y":0.005973391700536013,"z":0.00020152276556473225,"w":0.9989011287689209},"size":34.2969970703125,"orthographic":false}