{"cameraMode":{"drawMode":0,"name":"Shaded","section":"Shading Mode"},"sceneLighting":true,"audioPlay":false,"sceneViewState":{"showFog":true,"showMaterialUpdate":false,"showSkybox":true,"showFlares":true,"showImageEffects":true,"showParticleSystems":true,"showVisualEffectGraphs":true,"m_FxEnabled":true},"in2DMode":false,"pivot":{"x":3.8434934616088869,"y":-2.737278461456299,"z":1.5038939714431763},"rotation":{"x":0.03345685079693794,"y":0.8760618567466736,"z":-0.060410212725400928,"w":0.47723710536956789},"size":2.4378371238708498,"orthographic":false}