{"cameraMode":{"drawMode":0,"name":"Shaded","section":"Shading Mode"},"sceneLighting":true,"audioPlay":false,"sceneViewState":{"showFog":true,"showMaterialUpdate":false,"showSkybox":true,"showFlares":true,"showImageEffects":true,"showParticleSystems":true,"showVisualEffectGraphs":true,"m_FxEnabled":true},"in2DMode":false,"pivot":{"x":3.4345309734344484,"y":-0.9591405391693115,"z":0.8735750317573547},"rotation":{"x":0.12592434883117677,"y":0.6335498094558716,"z":-0.10182493925094605,"w":0.7565656900405884},"size":2.923715353012085,"orthographic":false}