{"cameraMode":{"drawMode":0,"name":"Shaded","section":"Shading Mode"},"sceneLighting":true,"audioPlay":false,"sceneViewState":{"showFog":true,"showMaterialUpdate":false,"showSkybox":true,"showFlares":true,"showImageEffects":true,"showParticleSystems":true,"showVisualEffectGraphs":true,"m_FxEnabled":true},"in2DMode":false,"pivot":{"x":15.977795600891114,"y":20.948915481567384,"z":21.311601638793947},"rotation":{"x":-0.09898649156093598,"y":-0.8998661637306213,"z":0.25301557779312136,"w":-0.3412109315395355},"size":0.8660253882408142,"orthographic":false}