{"cameraMode":{"drawMode":0,"name":"Shaded","section":"Shading Mode"},"sceneLighting":false,"audioPlay":false,"sceneViewState":{"showFog":true,"showMaterialUpdate":false,"showSkybox":false,"showFlares":true,"showImageEffects":true,"showParticleSystems":true,"showVisualEffectGraphs":true,"m_FxEnabled":true},"in2DMode":false,"pivot":{"x":1.831403374671936,"y":-0.45909446477890017,"z":-0.039891570806503299},"rotation":{"x":0.08425582945346832,"y":0.6713832020759583,"z":-0.07658886164426804,"w":0.7323222160339356},"size":1.0827864408493043,"orthographic":false}