{"cameraMode":{"drawMode":0,"name":"Shaded","section":"Shading Mode"},"sceneLighting":true,"audioPlay":false,"sceneViewState":{"m_AlwaysRefresh":false,"showFog":true,"showSkybox":false,"showFlares":true,"showImageEffects":true,"showParticleSystems":true,"showVisualEffectGraphs":true,"m_FxEnabled":true},"in2DMode":false,"pivot":{"x":0.7543752193450928,"y":-1.4532148838043213,"z":-10.415695190429688},"rotation":{"x":0.0025472494307905437,"y":0.9971068501472473,"z":-0.06771509349346161,"w":0.035888008773326877},"size":5.462177276611328,"orthographic":false}