{"cameraMode":{"drawMode":0,"name":"Shaded","section":"Shading Mode"},"sceneLighting":true,"audioPlay":false,"sceneViewState":{"showFog":true,"showMaterialUpdate":false,"showSkybox":true,"showFlares":true,"showImageEffects":true,"showParticleSystems":true,"showVisualEffectGraphs":true,"m_FxEnabled":true},"in2DMode":false,"pivot":{"x":-5.567923069000244,"y":-14.373543739318848,"z":62.468528747558597},"rotation":{"x":0.11984732747077942,"y":-0.05327323079109192,"z":0.006479560863226652,"w":0.9913768172264099},"size":28.284271240234376,"orthographic":false}