{"cameraMode":{"drawMode":0,"name":"Shaded","section":"Shading Mode"},"sceneLighting":false,"audioPlay":false,"sceneViewState":{"showFog":true,"showMaterialUpdate":false,"showSkybox":false,"showFlares":true,"showImageEffects":true,"showParticleSystems":true},"in2DMode":false,"pivot":{"x":-0.0850447416305542,"y":-0.5672180652618408,"z":5.568136692047119},"rotation":{"x":-0.1427655816078186,"y":0.6119493246078491,"z":-0.11336638778448105,"w":-0.769725501537323},"size":2.2709970474243166,"orthographic":false}