{"cameraMode":{"drawMode":0,"name":"Shaded","section":"Shading Mode"},"sceneLighting":false,"audioPlay":false,"sceneViewState":{"showFog":true,"showMaterialUpdate":false,"showSkybox":false,"showFlares":true,"showImageEffects":true,"showParticleSystems":true},"in2DMode":false,"pivot":{"x":-28.720476150512697,"y":23.222362518310548,"z":-23.21804428100586},"rotation":{"x":0.1841719001531601,"y":0.7584273815155029,"z":-0.24236853420734406,"w":0.5763221383094788},"size":2.8578836917877199,"orthographic":false}