{"cameraMode":{"drawMode":0,"name":"Shaded","section":"Shading Mode"},"sceneLighting":false,"audioPlay":false,"sceneViewState":{"showFog":true,"showMaterialUpdate":false,"showSkybox":false,"showFlares":true,"showImageEffects":true,"showParticleSystems":true},"in2DMode":false,"pivot":{"x":9.179640769958496,"y":-10.068472862243653,"z":-2.1819586753845217},"rotation":{"x":-0.1389472782611847,"y":-0.7690046429634094,"z":0.17867645621299745,"w":-0.5979229211807251},"size":23.334524154663087,"orthographic":false}