{"cameraMode":{"drawMode":0,"name":"Shaded","section":"Shading Mode"},"sceneLighting":false,"audioPlay":false,"sceneViewState":{"showFog":true,"showMaterialUpdate":false,"showSkybox":false,"showFlares":true,"showImageEffects":true,"showParticleSystems":true},"in2DMode":false,"pivot":{"x":-55.842281341552737,"y":-7.835758209228516,"z":-15.064027786254883},"rotation":{"x":-0.09815004467964173,"y":-0.14073047041893006,"z":0.014024279080331326,"w":-0.9850760698318481},"size":2.776881694793701,"orthographic":false}