{"cameraMode":{"drawMode":0,"name":"Shaded","section":"Shading Mode"},"sceneLighting":false,"audioPlay":false,"sceneViewState":{"showFog":true,"showMaterialUpdate":false,"showSkybox":false,"showFlares":true,"showImageEffects":true,"showParticleSystems":true},"in2DMode":false,"pivot":{"x":-36.76203155517578,"y":44.12822723388672,"z":-10.863099098205567},"rotation":{"x":0.31353554129600527,"y":0.2816540002822876,"z":-0.09605446457862854,"w":0.9017468690872192},"size":22.0,"orthographic":false}