{"cameraMode":{"drawMode":0,"name":"Shaded","section":"Shading Mode"},"sceneLighting":true,"audioPlay":false,"sceneViewState":{"showFog":true,"showMaterialUpdate":false,"showSkybox":true,"showFlares":true,"showImageEffects":true,"showParticleSystems":true},"in2DMode":false,"pivot":{"x":-350.984619140625,"y":-354.27252197265627,"z":330.127685546875},"rotation":{"x":-0.17624005675315858,"y":0.5329909324645996,"z":-0.11461181193590164,"w":-0.8195879459381104},"size":958.744873046875,"orthographic":false}