{"cameraMode":{"drawMode":0,"name":"Shaded","section":"Shading Mode"},"sceneLighting":true,"audioPlay":false,"sceneViewState":{"showFog":true,"showMaterialUpdate":false,"showSkybox":true,"showFlares":true,"showImageEffects":true,"showParticleSystems":true},"in2DMode":false,"pivot":{"x":10.190390586853028,"y":4.951082706451416,"z":-6.668004989624023},"rotation":{"x":0.02168937213718891,"y":0.6579870581626892,"z":-0.018956251442432405,"w":0.7524940371513367},"size":22.0,"orthographic":false}