{"cameraMode":{"drawMode":0,"name":"Shaded","section":"Shading Mode"},"sceneLighting":false,"audioPlay":false,"sceneViewState":{"showFog":true,"showMaterialUpdate":false,"showSkybox":false,"showFlares":true,"showImageEffects":true,"showParticleSystems":true},"in2DMode":false,"pivot":{"x":164.0188751220703,"y":-22.378860473632814,"z":-1.623624563217163},"rotation":{"x":0.5140568614006043,"y":0.09098979085683823,"z":-0.05494954064488411,"w":0.8511711955070496},"size":7.91497802734375,"orthographic":false}