{"cameraMode":{"drawMode":0,"name":"Shaded","section":"Shading Mode"},"sceneLighting":true,"audioPlay":false,"sceneViewState":{"showFog":true,"showMaterialUpdate":false,"showSkybox":true,"showFlares":true,"showImageEffects":true,"showParticleSystems":true},"in2DMode":false,"pivot":{"x":-17.56589126586914,"y":8.825868606567383,"z":-35.10190963745117},"rotation":{"x":0.3041122257709503,"y":-0.07306862622499466,"z":0.025183910503983499,"w":0.9494966864585877},"size":22.0,"orthographic":false}