{"cameraMode":{"drawMode":0,"name":"Shaded","section":"Shading Mode"},"sceneLighting":false,"audioPlay":false,"sceneViewState":{"showFog":true,"showMaterialUpdate":false,"showSkybox":false,"showFlares":true,"showImageEffects":true,"showParticleSystems":true},"in2DMode":false,"pivot":{"x":0.0,"y":11.810233116149903,"z":0.038080811500549319},"rotation":{"x":0.09168381989002228,"y":0.004475233145058155,"z":-0.00040592296863906085,"w":0.9958009123802185},"size":13.332077026367188,"orthographic":false}