{"cameraMode":{"drawMode":0,"name":"Shaded","section":"Shading Mode"},"sceneLighting":false,"audioPlay":false,"sceneViewState":{"showFog":false,"showMaterialUpdate":false,"showSkybox":false,"showFlares":false,"showImageEffects":false,"showParticleSystems":false,"showVisualEffectGraphs":true,"m_FxEnabled":false},"in2DMode":false,"pivot":{"x":0.8179768323898315,"y":0.924312174320221,"z":0.25592362880706789},"rotation":{"x":0.07905803620815277,"y":0.03498116880655289,"z":0.002765745623037219,"w":-0.9962557554244995},"size":1.237529993057251,"orthographic":false}