{"cameraMode":{"drawMode":0,"name":"Shaded","section":"Shading Mode"},"sceneLighting":false,"audioPlay":false,"sceneViewState":{"showFog":true,"showMaterialUpdate":false,"showSkybox":false,"showFlares":true,"showImageEffects":true,"showParticleSystems":true,"showVisualEffectGraphs":true,"m_FxEnabled":true},"in2DMode":false,"pivot":{"x":0.45210886001586916,"y":0.7297423481941223,"z":0.03115515224635601},"rotation":{"x":0.04019723832607269,"y":0.8935657143592835,"z":0.08171194791793823,"w":-0.4396043121814728},"size":1.0904133319854737,"orthographic":false}