{"cameraMode":{"drawMode":0,"name":"Shaded","section":"Shading Mode"},"sceneLighting":false,"audioPlay":false,"sceneViewState":{"showFog":true,"showMaterialUpdate":false,"showSkybox":true,"showFlares":true,"showImageEffects":true,"showParticleSystems":true,"showVisualEffectGraphs":true,"m_FxEnabled":true},"in2DMode":false,"pivot":{"x":-0.925374448299408,"y":-0.47690269351005556,"z":-0.18961945176124574},"rotation":{"x":0.04741679131984711,"y":0.653947651386261,"z":-0.04112828150391579,"w":0.7539384961128235},"size":2.4378371238708498,"orthographic":false}