{"cameraMode":{"drawMode":0,"name":"Shaded","section":"Shading Mode"},"sceneLighting":false,"audioPlay":false,"sceneViewState":{"showFog":true,"showMaterialUpdate":false,"showSkybox":true,"showFlares":true,"showImageEffects":true,"showParticleSystems":true,"showVisualEffectGraphs":true,"m_FxEnabled":true},"in2DMode":false,"pivot":{"x":-1.5212879180908204,"y":-0.0034032464027404787,"z":1.4646998643875123},"rotation":{"x":-0.02722679078578949,"y":0.9688069224357605,"z":-0.21289309859275819,"w":-0.12390020489692688},"size":0.6095371842384338,"orthographic":false}