{"cameraMode":{"drawMode":0,"name":"Shaded","section":"Shading Mode"},"sceneLighting":true,"audioPlay":false,"sceneViewState":{"showFog":true,"showMaterialUpdate":false,"showSkybox":true,"showFlares":true,"showImageEffects":true,"showParticleSystems":true,"showVisualEffectGraphs":true,"m_FxEnabled":true},"in2DMode":false,"pivot":{"x":10.297086715698243,"y":-0.6471403241157532,"z":0.09432071447372437},"rotation":{"x":0.10258585214614868,"y":0.7753956317901611,"z":-0.13055582344532014,"w":0.6092615127563477},"size":0.5660253763198853,"orthographic":false}