{"cameraMode":{"drawMode":0,"name":"Shaded","section":"Shading Mode"},"sceneLighting":true,"audioPlay":false,"sceneViewState":{"showFog":true,"showMaterialUpdate":false,"showSkybox":true,"showFlares":true,"showImageEffects":true,"showParticleSystems":true,"showVisualEffectGraphs":true,"m_FxEnabled":true},"in2DMode":false,"pivot":{"x":-0.00003837794065475464,"y":-0.0010323971509933472,"z":0.0016492102295160294},"rotation":{"x":-0.09054417908191681,"y":0.8721827268600464,"z":-0.17662733793258668,"w":-0.4471055865287781},"size":0.028216125443577768,"orthographic":false}