{"cameraMode":{"drawMode":0,"name":"Shaded","section":"Shading Mode"},"sceneLighting":false,"audioPlay":false,"sceneViewState":{"showFog":true,"showMaterialUpdate":false,"showSkybox":true,"showFlares":true,"showImageEffects":true,"showParticleSystems":true,"showVisualEffectGraphs":true,"m_FxEnabled":false},"in2DMode":false,"pivot":{"x":48.970794677734378,"y":7.097854137420654,"z":2.7813286781311037},"rotation":{"x":-0.024571480229496957,"y":0.9326984286308289,"z":-0.06474918872117996,"w":-0.35394781827926638},"size":12.12435531616211,"orthographic":false}