{"cameraMode":{"drawMode":0,"name":"Shaded","section":"Shading Mode"},"sceneLighting":true,"audioPlay":false,"sceneViewState":{"showFog":true,"showMaterialUpdate":false,"showSkybox":true,"showFlares":true,"showImageEffects":true,"showParticleSystems":true,"showVisualEffectGraphs":true,"m_FxEnabled":true},"in2DMode":false,"pivot":{"x":-15.571891784667969,"y":-4.554781436920166,"z":48.8678092956543},"rotation":{"x":-0.049331869930028918,"y":0.13501453399658204,"z":-0.006730344146490097,"w":-0.9895931482315064},"size":31.408252716064454,"orthographic":false}